0,443513739,siglib,58671448,organization,Numerix-DSP/siglib,2022-01-01 10:10:31,2022-04-18 17:42:20,,C,3509521,1,54,9,machine learning,https://github.com/Numerix-DSP/siglib,2776.0,False,0,,https://api.github.com/repos/Numerix-DSP/siglib/contents/{+path}
1,443525143,Timeseries-Model,71958079,user,AzharRizky/Timeseries-Model,2022-01-01 11:29:34,2022-01-07 15:05:00,,Jupyter Notebook,71958079,1,5,0,machine learning,https://github.com/AzharRizky/Timeseries-Model,,False,0,,https://api.github.com/repos/AzharRizky/Timeseries-Model/contents/{+path}
2,443533770,machine-learning-workshop,17430598,organization,mlugs/machine-learning-workshop,2022-01-01 12:25:48,2022-03-16 07:52:15,,Jupyter Notebook,78035,1,2,1,machine learning,https://github.com/mlugs/machine-learning-workshop,651.0,False,0,,https://api.github.com/repos/mlugs/machine-learning-workshop/contents/{+path}
3,443641379,From-Machine-Learning-Models-To-WebAPI,50143944,user,Ibmaria/From-Machine-Learning-Models-To-WebAPI,2022-01-01 23:11:06,2022-02-01 12:11:16,,Jupyter Notebook,50143944,1,2,0,machine learning,https://github.com/Ibmaria/From-Machine-Learning-Models-To-WebAPI,1257.0,False,0,,https://api.github.com/repos/Ibmaria/From-Machine-Learning-Models-To-WebAPI/contents/{+path}
4,443576034,ml-tracking-ops,19266082,user,senadkurtisi/ml-tracking-ops,2022-01-01 16:20:42,2022-02-02 21:08:49,mlops#machinelearing#datascience#hyperparameter-search,JavaScript,19266082,1,2,0,machine learning,https://github.com/senadkurtisi/ml-tracking-ops,13433.0,False,0,,https://api.github.com/repos/senadkurtisi/ml-tracking-ops/contents/{+path}
5,443568188,MachineLearning,54886683,user,VishalChoudhary/MachineLearning,2022-01-01 15:38:28,2022-01-07 14:02:43,,Jupyter Notebook,54886683,1,1,0,machine learning,https://github.com/VishalChoudhary/MachineLearning,,False,0,,https://api.github.com/repos/VishalChoudhary/MachineLearning/contents/{+path}
6,443624785,Machine-Learning-From-Scratch,61093585,user,sroslund/Machine-Learning-From-Scratch,2022-01-01 21:12:05,2022-01-04 07:38:18,,Jupyter Notebook,61093585,1,1,0,machine learning,https://github.com/sroslund/Machine-Learning-From-Scratch,431.0,False,0,,https://api.github.com/repos/sroslund/Machine-Learning-From-Scratch/contents/{+path}
7,443512105,Data-Science--Machine-Learning-,11086632,user,zubairfarahi/Data-Science--Machine-Learning-,2022-01-01 09:58:37,2022-01-10 16:11:03,,Jupyter Notebook,11086632,1,1,0,machine learning,https://github.com/zubairfarahi/Data-Science--Machine-Learning-,770.0,False,0,,https://api.github.com/repos/zubairfarahi/Data-Science--Machine-Learning-/contents/{+path}
8,443472132,Machine-Learning-And-Data-Analysis,68580881,user,BhavikRansubhe/Machine-Learning-And-Data-Analysis,2022-01-01 04:42:03,2022-01-01 04:45:46,,Jupyter Notebook,68580881,1,1,0,machine learning,https://github.com/BhavikRansubhe/Machine-Learning-And-Data-Analysis,65.0,False,0,,https://api.github.com/repos/BhavikRansubhe/Machine-Learning-And-Data-Analysis/contents/{+path}
9,443463917,Book-Genre-Categorization-Using-Machine-Learning-Algorithms-using-Customized-Dataset,70425883,user,Parilkumar83/Book-Genre-Categorization-Using-Machine-Learning-Algorithms-using-Customized-Dataset,2022-01-01 03:26:31,2022-01-01 04:42:21,,Jupyter Notebook,70425883,1,1,0,machine learning,https://github.com/Parilkumar83/Book-Genre-Categorization-Using-Machine-Learning-Algorithms-using-Customized-Dataset,1038.0,False,0,,https://api.github.com/repos/Parilkumar83/Book-Genre-Categorization-Using-Machine-Learning-Algorithms-using-Customized-Dataset/contents/{+path}
10,443549167,Building-Recommender-System,62486840,user,sudarmintosenlau/Building-Recommender-System,2022-01-01 13:55:09,2022-01-03 06:00:51,,Jupyter Notebook,62486840,1,1,0,machine learning,https://github.com/sudarmintosenlau/Building-Recommender-System,3118.0,False,0,,https://api.github.com/repos/sudarmintosenlau/Building-Recommender-System/contents/{+path}
11,443637713,my_portfolio,60587542,user,danusio/my_portfolio,2022-01-01 22:44:09,2022-01-01 22:49:14,,,60587542,1,1,0,machine learning,https://github.com/danusio/my_portfolio,176.0,False,0,,https://api.github.com/repos/danusio/my_portfolio/contents/{+path}
12,443638712,deep-learning-resources,12720159,user,ankitsharma07/deep-learning-resources,2022-01-01 22:51:28,2022-01-08 09:32:07,,,12720159,1,1,0,machine learning,https://github.com/ankitsharma07/deep-learning-resources,5715.0,False,0,,https://api.github.com/repos/ankitsharma07/deep-learning-resources/contents/{+path}
13,443595625,Elderly-Falls-Prediction,59341573,user,spyrosviz/Elderly-Falls-Prediction,2022-01-01 18:07:30,2022-01-13 15:51:20,,Jupyter Notebook,59341573,1,1,0,machine learning,https://github.com/spyrosviz/Elderly-Falls-Prediction,2835.0,False,0,,https://api.github.com/repos/spyrosviz/Elderly-Falls-Prediction/contents/{+path}
14,443477657,nns,72713147,user,vmarwin/nns,2022-01-01 05:32:07,2022-04-16 01:01:49,plaza-2#trading-bot#mach#trading#linux#trading-strategies#trading-algorithms#trading-systems#machine-learning,C++,72713147,1,1,0,machine learning,https://github.com/vmarwin/nns,58.0,False,0,,https://api.github.com/repos/vmarwin/nns/contents/{+path}
15,443447606,ou-it-fall21-sentiment-classification,26821713,user,MohamedAliHabib/ou-it-fall21-sentiment-classification,2022-01-01 00:42:11,2022-02-21 22:26:49,,Jupyter Notebook,26821713,1,1,0,machine learning,https://github.com/MohamedAliHabib/ou-it-fall21-sentiment-classification,5183.0,False,0,,https://api.github.com/repos/MohamedAliHabib/ou-it-fall21-sentiment-classification/contents/{+path}
16,443500493,transcriptachilles,17781683,user,fcarazo/transcriptachilles,2022-01-01 08:32:38,2022-02-02 08:45:56,,R,17781683,1,1,0,machine learning,https://github.com/fcarazo/transcriptachilles,9150.0,False,0,,https://api.github.com/repos/fcarazo/transcriptachilles/contents/{+path}
17,443634826,BasicNeuralNetwork,45392182,user,ManasBommakanti/BasicNeuralNetwork,2022-01-01 22:22:52,2022-01-22 01:27:05,machine-learning#neural-network,Python,45392182,1,1,0,machine learning,https://github.com/ManasBommakanti/BasicNeuralNetwork,961.0,False,0,,https://api.github.com/repos/ManasBommakanti/BasicNeuralNetwork/contents/{+path}
18,443604306,MachineLearning,55946057,user,Anurag2809/MachineLearning,2022-01-01 18:58:29,2022-01-01 19:01:55,,Jupyter Notebook,55946057,1,0,0,machine learning,https://github.com/Anurag2809/MachineLearning,,False,0,,https://api.github.com/repos/Anurag2809/MachineLearning/contents/{+path}
19,443610643,MachineLearning,56004643,user,Alihdnz/MachineLearning,2022-01-01 19:39:03,2022-01-01 19:39:03,,,,0,0,0,machine learning,https://github.com/Alihdnz/MachineLearning,,False,0,,https://api.github.com/repos/Alihdnz/MachineLearning/contents/{+path}
20,443546018,MachineLearning,87363956,user,ansuka01/MachineLearning,2022-01-01 13:37:09,2022-01-01 13:48:33,,Jupyter Notebook,87363956,1,0,0,machine learning,https://github.com/ansuka01/MachineLearning,,False,0,,https://api.github.com/repos/ansuka01/MachineLearning/contents/{+path}
21,443615487,MachineLearning,59236518,user,Boutriga/MachineLearning,2022-01-01 20:10:38,2022-01-01 20:11:06,,,59236518,1,0,0,machine learning,https://github.com/Boutriga/MachineLearning,17.0,False,0,,https://api.github.com/repos/Boutriga/MachineLearning/contents/{+path}
22,443608692,MachineLearning,10928536,user,rvbug/MachineLearning,2022-01-01 19:26:24,2022-01-01 19:28:07,,Jupyter Notebook,10928536,1,0,0,machine learning,https://github.com/rvbug/MachineLearning,330.0,False,0,,https://api.github.com/repos/rvbug/MachineLearning/contents/{+path}
23,443579350,MachineLearning,96870034,user,sarojoe10/MachineLearning,2022-01-01 16:38:22,2022-01-19 11:50:06,,Jupyter Notebook,96870034,1,0,0,machine learning,https://github.com/sarojoe10/MachineLearning,94.0,False,0,,https://api.github.com/repos/sarojoe10/MachineLearning/contents/{+path}
24,443517562,MachineLearning-sample-demos,92346875,user,yinboliu-git/MachineLearning-sample-demos,2022-01-01 10:38:02,2022-01-01 10:41:30,,Python,92346875,1,0,0,machine learning,https://github.com/yinboliu-git/MachineLearning-sample-demos,30.0,False,0,,https://api.github.com/repos/yinboliu-git/MachineLearning-sample-demos/contents/{+path}
25,443637797,MachineLearningExercises,55368611,user,john-breton/MachineLearningExercises,2022-01-01 22:44:48,2022-03-11 15:08:26,,Jupyter Notebook,55368611,1,0,0,machine learning,https://github.com/john-breton/MachineLearningExercises,379.0,False,0,,https://api.github.com/repos/john-breton/MachineLearningExercises/contents/{+path}
26,443549675,MachineLearning-AtoZ,23073422,user,meghrathod/MachineLearning-AtoZ,2022-01-01 13:58:02,2022-01-09 09:31:33,,Jupyter Notebook,23073422,1,0,0,machine learning,https://github.com/meghrathod/MachineLearning-AtoZ,,False,0,,https://api.github.com/repos/meghrathod/MachineLearning-AtoZ/contents/{+path}
27,443551934,machine_learning,63629671,user,priyadharshini2207/machine_learning,2022-01-01 14:10:24,2022-01-01 14:10:24,,,,0,0,0,machine learning,https://github.com/priyadharshini2207/machine_learning,,False,0,,https://api.github.com/repos/priyadharshini2207/machine_learning/contents/{+path}
28,443480878,machine-learning,96934090,user,kingshuk-paul/machine-learning,2022-01-01 06:00:24,2022-01-06 04:54:28,,MATLAB,96934090,1,0,0,machine learning,https://github.com/kingshuk-paul/machine-learning,140.0,False,0,,https://api.github.com/repos/kingshuk-paul/machine-learning/contents/{+path}
29,443551626,Machine-Learning,96585357,user,TaegeunJeong/Machine-Learning,2022-01-01 14:08:42,2022-01-01 14:10:04,,Jupyter Notebook,96585357,1,0,0,machine learning,https://github.com/TaegeunJeong/Machine-Learning,,False,0,,https://api.github.com/repos/TaegeunJeong/Machine-Learning/contents/{+path}
30,443480926,machine-learning,58688790,user,jandalhuysen/machine-learning,2022-01-01 06:00:40,2022-01-07 11:21:16,,,58688790,1,0,0,machine learning,https://github.com/jandalhuysen/machine-learning,,False,0,,https://api.github.com/repos/jandalhuysen/machine-learning/contents/{+path}
31,443494814,Machine-Learning,30076790,user,deepakchugh11/Machine-Learning,2022-01-01 07:49:56,2022-01-04 10:39:46,,Jupyter Notebook,30076790,1,0,0,machine learning,https://github.com/deepakchugh11/Machine-Learning,18.0,False,0,,https://api.github.com/repos/deepakchugh11/Machine-Learning/contents/{+path}
32,443520152,Machine-Learning,34841349,user,HJNVR/Machine-Learning,2022-01-01 10:55:51,2022-01-03 00:02:09,,,34841349,1,0,0,machine learning,https://github.com/HJNVR/Machine-Learning,111.0,False,0,,https://api.github.com/repos/HJNVR/Machine-Learning/contents/{+path}
33,443480878,machine-learning,96934090,user,kingshuk-paul/machine-learning,2022-01-01 06:00:24,2022-01-06 04:54:28,,MATLAB,96934090,1,0,0,machine learning,https://github.com/kingshuk-paul/machine-learning,140.0,False,0,,https://api.github.com/repos/kingshuk-paul/machine-learning/contents/{+path}
34,443551626,Machine-Learning,96585357,user,TaegeunJeong/Machine-Learning,2022-01-01 14:08:42,2022-01-01 14:10:04,,Jupyter Notebook,96585357,1,0,0,machine learning,https://github.com/TaegeunJeong/Machine-Learning,,False,0,,https://api.github.com/repos/TaegeunJeong/Machine-Learning/contents/{+path}
35,443624556,Machine-Learning,50374590,user,Armanna/Machine-Learning,2022-01-01 21:10:39,2022-01-01 21:10:42,,,50374590,1,0,0,machine learning,https://github.com/Armanna/Machine-Learning,81.0,False,0,,https://api.github.com/repos/Armanna/Machine-Learning/contents/{+path}
36,443627469,Machine_learning,50418074,user,eboannan/Machine_learning,2022-01-01 21:30:15,2022-01-02 18:57:29,,Jupyter Notebook,50418074,1,0,0,machine learning,https://github.com/eboannan/Machine_learning,1090.0,False,0,,https://api.github.com/repos/eboannan/Machine_learning/contents/{+path}
37,443495878,Machine-Learning-coursework,34546904,user,Gajbhiye046/Machine-Learning-coursework,2022-01-01 07:57:46,2022-01-01 07:57:54,,Jupyter Notebook,34546904,1,0,0,machine learning,https://github.com/Gajbhiye046/Machine-Learning-coursework,,False,0,,https://api.github.com/repos/Gajbhiye046/Machine-Learning-coursework/contents/{+path}
38,443493027,finding-donors-machine-learning,77484997,user,amrabuzeid87/finding-donors-machine-learning,2022-01-01 07:35:40,2022-01-01 08:09:57,,Jupyter Notebook,77484997,1,0,0,machine learning,https://github.com/amrabuzeid87/finding-donors-machine-learning,,False,0,,https://api.github.com/repos/amrabuzeid87/finding-donors-machine-learning/contents/{+path}
39,443552776,Machine_Learning_Lab,52353134,user,Meghavarshineks/Machine_Learning_Lab,2022-01-01 14:15:08,2022-01-01 14:19:29,,Jupyter Notebook,52353134,1,0,0,machine learning,https://github.com/Meghavarshineks/Machine_Learning_Lab,22.0,False,0,,https://api.github.com/repos/Meghavarshineks/Machine_Learning_Lab/contents/{+path}
40,443628713,Azure-Machine-Learning,65153336,user,Rachelsox/Azure-Machine-Learning,2022-01-01 21:39:01,2022-01-01 21:39:01,,,,0,0,0,machine learning,https://github.com/Rachelsox/Azure-Machine-Learning,,False,0,,https://api.github.com/repos/Rachelsox/Azure-Machine-Learning/contents/{+path}
41,443479458,machine-learning-course,63916414,user,kingshuk90pv/machine-learning-course,2022-01-01 05:48:25,2022-01-01 05:48:28,,,63916414,1,0,0,machine learning,https://github.com/kingshuk90pv/machine-learning-course,,False,0,,https://api.github.com/repos/kingshuk90pv/machine-learning-course/contents/{+path}
42,443531603,python-machine-learning,52174494,user,atharvawagare/python-machine-learning,2022-01-01 12:12:28,2022-01-01 12:37:01,,Jupyter Notebook,52174494,1,0,0,machine learning,https://github.com/atharvawagare/python-machine-learning,70.0,False,0,,https://api.github.com/repos/atharvawagare/python-machine-learning/contents/{+path}
43,443515644,chatbot-using-machine-learning,91389626,user,johncheda/chatbot-using-machine-learning,2022-01-01 10:24:20,2022-01-01 10:24:20,,,,0,0,0,machine learning,https://github.com/johncheda/chatbot-using-machine-learning,,False,0,,https://api.github.com/repos/johncheda/chatbot-using-machine-learning/contents/{+path}
44,443585243,Applied-Machine-Learning,90038686,user,Shubh-Thakare/Applied-Machine-Learning,2022-01-01 17:09:39,2022-01-01 18:59:01,,Jupyter Notebook,90038686,1,0,0,machine learning,https://github.com/Shubh-Thakare/Applied-Machine-Learning,1036.0,False,0,,https://api.github.com/repos/Shubh-Thakare/Applied-Machine-Learning/contents/{+path}
45,443615219,Machine-Learning-mini-projects,57094059,user,Dhiyanesh-babu/Machine-Learning-mini-projects,2022-01-01 20:08:45,2022-01-11 06:42:26,,Jupyter Notebook,57094059,1,0,0,machine learning,https://github.com/Dhiyanesh-babu/Machine-Learning-mini-projects,87.0,False,0,,https://api.github.com/repos/Dhiyanesh-babu/Machine-Learning-mini-projects/contents/{+path}
46,443579240,Week-5-Machine-Learning,94106827,user,jessamcs/Week-5-Machine-Learning,2022-01-01 16:37:42,2022-01-08 16:23:44,,Jupyter Notebook,94106827,1,0,0,machine learning,https://github.com/jessamcs/Week-5-Machine-Learning,44.0,False,0,,https://api.github.com/repos/jessamcs/Week-5-Machine-Learning/contents/{+path}
47,443472580,FIRST_PROJECT_MACHINE_Learning,94801952,user,JoydeepMallick/FIRST_PROJECT_MACHINE_Learning,2022-01-01 04:46:18,2022-01-01 04:47:43,,,94801952,1,0,0,machine learning,https://github.com/JoydeepMallick/FIRST_PROJECT_MACHINE_Learning,132.0,False,0,,https://api.github.com/repos/JoydeepMallick/FIRST_PROJECT_MACHINE_Learning/contents/{+path}
48,443473452,machine_learning_Regression,40064709,user,omkaar718/machine_learning_Regression,2022-01-01 04:54:04,2022-01-01 05:15:19,,Jupyter Notebook,40064709,1,0,0,machine learning,https://github.com/omkaar718/machine_learning_Regression,625.0,False,0,,https://api.github.com/repos/omkaar718/machine_learning_Regression/contents/{+path}
49,443600825,Practical-Machine-Learning,439250,user,wjjreal/Practical-Machine-Learning,2022-01-01 18:37:24,2022-01-08 15:30:53,,HTML,439250,1,0,0,machine learning,https://github.com/wjjreal/Practical-Machine-Learning,,False,0,,https://api.github.com/repos/wjjreal/Practical-Machine-Learning/contents/{+path}
50,443534766,Machine-Learning-Homework,20864631,user,ominna/Machine-Learning-Homework,2022-01-01 12:31:56,2022-01-11 09:52:18,,Jupyter Notebook,20864631,1,0,0,machine learning,https://github.com/ominna/Machine-Learning-Homework,,False,0,,https://api.github.com/repos/ominna/Machine-Learning-Homework/contents/{+path}
51,443500795,Machine-Learning-Internshala-Practice,57719489,user,GanapathiSurya/Machine-Learning-Internshala-Practice,2022-01-01 08:34:58,2022-01-01 08:38:22,,Jupyter Notebook,57719489,1,0,0,machine learning,https://github.com/GanapathiSurya/Machine-Learning-Internshala-Practice,,False,0,,https://api.github.com/repos/GanapathiSurya/Machine-Learning-Internshala-Practice/contents/{+path}
52,443504602,Machine-Learning---Imbalanced-Data,80830529,user,Gobuub/Machine-Learning---Imbalanced-Data,2022-01-01 09:02:27,2022-01-03 22:21:50,,Jupyter Notebook,80830529,1,0,0,machine learning,https://github.com/Gobuub/Machine-Learning---Imbalanced-Data,2054.0,False,0,,https://api.github.com/repos/Gobuub/Machine-Learning---Imbalanced-Data/contents/{+path}
53,443535027,machine-learning-algorithms,57672396,user,HariRaagavTR/machine-learning-algorithms,2022-01-01 12:33:27,2022-01-01 13:39:58,machine-learning#algorithms#machine-learning-algorithms#machine-learning-models,Python,57672396,1,0,0,machine learning,https://github.com/HariRaagavTR/machine-learning-algorithms,96.0,False,1,,https://api.github.com/repos/HariRaagavTR/machine-learning-algorithms/contents/{+path}
54,443493403,Unsupervised-Machine-Learning-Projects,59997919,user,sanjoymondal677/Unsupervised-Machine-Learning-Projects,2022-01-01 07:38:32,2022-01-01 07:42:31,,Jupyter Notebook,59997919,1,0,0,machine learning,https://github.com/sanjoymondal677/Unsupervised-Machine-Learning-Projects,416.0,False,0,,https://api.github.com/repos/sanjoymondal677/Unsupervised-Machine-Learning-Projects/contents/{+path}
55,443635325,Machine_Learning_Project,50708740,user,clefthan/Machine_Learning_Project,2022-01-01 22:26:13,2022-01-06 20:13:48,,Jupyter Notebook,50708740,1,0,0,machine learning,https://github.com/clefthan/Machine_Learning_Project,29.0,False,0,,https://api.github.com/repos/clefthan/Machine_Learning_Project/contents/{+path}
56,443570174,machine-learning-hs,8582371,user,pabloos/machine-learning-hs,2022-01-01 15:48:45,2022-01-01 15:48:45,,,,0,0,0,machine learning,https://github.com/pabloos/machine-learning-hs,,False,0,,https://api.github.com/repos/pabloos/machine-learning-hs/contents/{+path}
57,443612307,machine_learning_and_AI,66167576,user,codeforpurpose8896/machine_learning_and_AI,2022-01-01 19:50:03,2022-01-01 20:03:05,,Jupyter Notebook,66167576,1,0,0,machine learning,https://github.com/codeforpurpose8896/machine_learning_and_AI,,False,0,,https://api.github.com/repos/codeforpurpose8896/machine_learning_and_AI/contents/{+path}
58,443552232,machine-learning-projects,95566572,user,girirajbidwai/machine-learning-projects,2022-01-01 14:11:55,2022-01-02 03:50:15,,Jupyter Notebook,95566572,1,0,0,machine learning,https://github.com/girirajbidwai/machine-learning-projects,,False,0,,https://api.github.com/repos/girirajbidwai/machine-learning-projects/contents/{+path}
59,443538337,IVY-Interactive-Solution,80450041,user,M-Aizaz/IVY-Interactive-Solution,2022-01-01 12:53:02,2022-01-10 16:36:29,,Jupyter Notebook,80450041,1,0,0,machine learning,https://github.com/M-Aizaz/IVY-Interactive-Solution,45.0,False,0,,https://api.github.com/repos/M-Aizaz/IVY-Interactive-Solution/contents/{+path}
60,443475428,PerformanceAttributionViaMachineLearning,61180828,user,WangZixiong/PerformanceAttributionViaMachineLearning,2022-01-01 05:12:27,2022-01-09 14:13:59,,Python,61180828#43931565#90993130,3,0,1,machine learning,https://github.com/WangZixiong/PerformanceAttributionViaMachineLearning,1883.0,False,2,,https://api.github.com/repos/WangZixiong/PerformanceAttributionViaMachineLearning/contents/{+path}
61,443471436,Machine-Learning-Assignment-Resume-Parser,79463921,user,udaykumar8973/Machine-Learning-Assignment-Resume-Parser,2022-01-01 04:35:20,2022-01-01 04:36:13,,Jupyter Notebook,79463921,1,0,0,machine learning,https://github.com/udaykumar8973/Machine-Learning-Assignment-Resume-Parser,44.0,False,0,,https://api.github.com/repos/udaykumar8973/Machine-Learning-Assignment-Resume-Parser/contents/{+path}
62,443578695,Machine-Learning-Algorithm-by-Python,90295882,user,summerxu98/Machine-Learning-Algorithm-by-Python,2022-01-01 16:34:41,2022-01-01 16:45:48,,Python,90295882,1,0,0,machine learning,https://github.com/summerxu98/Machine-Learning-Algorithm-by-Python,159.0,False,0,,https://api.github.com/repos/summerxu98/Machine-Learning-Algorithm-by-Python/contents/{+path}
63,443586295,2022-ML,50500536,user,SanjayKumar16225/2022-ML,2022-01-01 17:15:55,2022-01-04 01:38:53,,Jupyter Notebook,50500536,1,0,0,machine learning,https://github.com/SanjayKumar16225/2022-ML,62.0,False,0,,https://api.github.com/repos/SanjayKumar16225/2022-ML/contents/{+path}
64,443551567,PMLClasswork,19684630,user,TheSagarPatil/PMLClasswork,2022-01-01 14:08:23,2022-01-09 11:52:55,,Python,19684630,1,0,0,machine learning,https://github.com/TheSagarPatil/PMLClasswork,51.0,False,0,,https://api.github.com/repos/TheSagarPatil/PMLClasswork/contents/{+path}
65,443488121,Real-Fake-Job-Posting-Prediction,91680154,user,preranasalve/Real-Fake-Job-Posting-Prediction,2022-01-01 06:57:28,2022-01-01 06:58:05,,Jupyter Notebook,91680154,1,0,0,machine learning,https://github.com/preranasalve/Real-Fake-Job-Posting-Prediction,69.0,False,0,,https://api.github.com/repos/preranasalve/Real-Fake-Job-Posting-Prediction/contents/{+path}
66,443547447,CS229A-note,69751753,user,R2th/CS229A-note,2022-01-01 13:45:30,2022-01-01 13:48:46,,MATLAB,69751753,1,0,0,machine learning,https://github.com/R2th/CS229A-note,488.0,False,0,,https://api.github.com/repos/R2th/CS229A-note/contents/{+path}
67,443592608,YT,79054156,user,kshitijdesai99/YT,2022-01-01 17:51:00,2022-01-01 17:51:53,,Jupyter Notebook,79054156,1,0,0,machine learning,https://github.com/kshitijdesai99/YT,29.0,False,0,,https://api.github.com/repos/kshitijdesai99/YT/contents/{+path}
68,443618032,EnronML,35180253,user,sbsousa/EnronML,2022-01-01 20:27:29,2022-01-03 02:49:45,machinelearning#eda#python#jupyter,Jupyter Notebook,35180253,1,0,0,machine learning,https://github.com/sbsousa/EnronML,1835.0,False,0,,https://api.github.com/repos/sbsousa/EnronML/contents/{+path}
69,443578298,Coursera-IBM-Project,52400120,user,mousa2411/Coursera-IBM-Project,2022-01-01 16:32:36,2022-01-01 16:32:36,,,,0,0,0,machine learning,https://github.com/mousa2411/Coursera-IBM-Project,,False,0,,https://api.github.com/repos/mousa2411/Coursera-IBM-Project/contents/{+path}
70,443634475,ml-playground,1549028,user,m3y54m/ml-playground,2022-01-01 22:20:24,2022-01-03 15:42:54,,Jupyter Notebook,1549028,1,0,0,machine learning,https://github.com/m3y54m/ml-playground,47.0,False,0,,https://api.github.com/repos/m3y54m/ml-playground/contents/{+path}
71,443486194,fertilizer-type-prediction-2.0,91680154,user,preranasalve/fertilizer-type-prediction-2.0,2022-01-01 06:42:45,2022-01-01 06:53:09,,,91680154,1,0,0,machine learning,https://github.com/preranasalve/fertilizer-type-prediction-2.0,67.0,False,0,,https://api.github.com/repos/preranasalve/fertilizer-type-prediction-2.0/contents/{+path}
72,443444700,my_ml_service,61910918,user,duongduy15091997/my_ml_service,2022-01-01 00:12:45,2022-01-01 00:12:45,,,,0,0,0,machine learning,https://github.com/duongduy15091997/my_ml_service,,False,0,,https://api.github.com/repos/duongduy15091997/my_ml_service/contents/{+path}
73,443501595,CSE4088-Introduction-to-Machine-Learning,54212921,user,HuzeyfeAyaz/CSE4088-Introduction-to-Machine-Learning,2022-01-01 08:41:09,2022-03-01 07:35:42,,Jupyter Notebook,54212921,1,0,0,machine learning,https://github.com/HuzeyfeAyaz/CSE4088-Introduction-to-Machine-Learning,166.0,False,0,,https://api.github.com/repos/HuzeyfeAyaz/CSE4088-Introduction-to-Machine-Learning/contents/{+path}
74,443641858,Machine-Learning-Final-Project-Classifying-Loan-Credibility,75762382,user,mhanniem/Machine-Learning-Final-Project-Classifying-Loan-Credibility,2022-01-01 23:14:57,2022-01-01 23:46:14,,Jupyter Notebook,75762382,1,0,0,machine learning,https://github.com/mhanniem/Machine-Learning-Final-Project-Classifying-Loan-Credibility,427.0,False,0,,https://api.github.com/repos/mhanniem/Machine-Learning-Final-Project-Classifying-Loan-Credibility/contents/{+path}
75,443645693,Machine-Learning-Engineering-for-Production-MLOps-Specialization,26752255,user,attackgnome/Machine-Learning-Engineering-for-Production-MLOps-Specialization,2022-01-01 23:46:43,2022-01-08 21:47:04,,Jupyter Notebook,26752255,1,0,0,machine learning,https://github.com/attackgnome/Machine-Learning-Engineering-for-Production-MLOps-Specialization,5046.0,False,0,,https://api.github.com/repos/attackgnome/Machine-Learning-Engineering-for-Production-MLOps-Specialization/contents/{+path}
76,443594576,Machine-Learning-with-Financial-Time-Series,96924468,user,Daniel-ET/Machine-Learning-with-Financial-Time-Series,2022-01-01 18:01:48,2022-03-10 19:15:45,,Jupyter Notebook,96924468,1,0,0,machine learning,https://github.com/Daniel-ET/Machine-Learning-with-Financial-Time-Series,101.0,False,0,,https://api.github.com/repos/Daniel-ET/Machine-Learning-with-Financial-Time-Series/contents/{+path}
77,443529928,Machine-Learning-Algorithm-on-titanic-Dataset,74055996,user,samiramrullah/Machine-Learning-Algorithm-on-titanic-Dataset,2022-01-01 12:01:17,2022-01-01 12:03:35,,Jupyter Notebook,74055996,1,0,0,machine learning,https://github.com/samiramrullah/Machine-Learning-Algorithm-on-titanic-Dataset,,False,0,,https://api.github.com/repos/samiramrullah/Machine-Learning-Algorithm-on-titanic-Dataset/contents/{+path}
78,443628793,Machine-Learning-for-Text-Author-Identification,37627007,user,RoyalVee/Machine-Learning-for-Text-Author-Identification,2022-01-01 21:39:29,2022-01-10 20:26:38,,Jupyter Notebook,37627007,1,0,0,machine learning,https://github.com/RoyalVee/Machine-Learning-for-Text-Author-Identification,869.0,False,0,,https://api.github.com/repos/RoyalVee/Machine-Learning-for-Text-Author-Identification/contents/{+path}
79,443585914,Python-for-Data-Science-and-Machine-Learning,95618704,organization,soft-craft/Python-for-Data-Science-and-Machine-Learning,2022-01-01 17:13:39,2022-01-02 07:33:24,,Jupyter Notebook,44139026,1,0,0,machine learning,https://github.com/soft-craft/Python-for-Data-Science-and-Machine-Learning,47.0,False,0,,https://api.github.com/repos/soft-craft/Python-for-Data-Science-and-Machine-Learning/contents/{+path}
80,443461952,UFC-Fight-Prediction-Using-Machine-Learning,60485118,user,ElijahBarbour/UFC-Fight-Prediction-Using-Machine-Learning,2022-01-01 03:07:19,2022-01-22 02:05:00,,Jupyter Notebook,60485118,1,0,0,machine learning,https://github.com/ElijahBarbour/UFC-Fight-Prediction-Using-Machine-Learning,1915.0,False,1,,https://api.github.com/repos/ElijahBarbour/UFC-Fight-Prediction-Using-Machine-Learning/contents/{+path}
81,443592653,Stock-Price-prediction-using-machine-learning-LSTM-,76052158,user,juniorworku/Stock-Price-prediction-using-machine-learning-LSTM-,2022-01-01 17:51:11,2022-01-01 18:15:02,,Python,76052158,1,0,0,machine learning,https://github.com/juniorworku/Stock-Price-prediction-using-machine-learning-LSTM-,53.0,False,0,,https://api.github.com/repos/juniorworku/Stock-Price-prediction-using-machine-learning-LSTM-/contents/{+path}
82,443641116,FromMachine-Learning-Models-To-WebAPI,50143944,user,Ibmaria/FromMachine-Learning-Models-To-WebAPI,2022-01-01 23:08:52,2022-01-01 23:33:11,,,,0,0,0,machine learning,https://github.com/Ibmaria/FromMachine-Learning-Models-To-WebAPI,,False,0,,https://api.github.com/repos/Ibmaria/FromMachine-Learning-Models-To-WebAPI/contents/{+path}
83,443469202,The-Hottest-Topics-in-Machine-Learning,41266668,user,Sandi-DeLaVega/The-Hottest-Topics-in-Machine-Learning,2022-01-01 04:16:18,2022-01-01 04:54:25,,Jupyter Notebook,41266668,1,0,0,machine learning,https://github.com/Sandi-DeLaVega/The-Hottest-Topics-in-Machine-Learning,486.0,False,0,,https://api.github.com/repos/Sandi-DeLaVega/The-Hottest-Topics-in-Machine-Learning/contents/{+path}
84,443518856,Projet-Advanced-Machine-Learning-Sorbonne-University,92741670,user,phnhub/Projet-Advanced-Machine-Learning-Sorbonne-University,2022-01-01 10:47:09,2022-01-03 11:36:15,,,92741670,1,0,0,machine learning,https://github.com/phnhub/Projet-Advanced-Machine-Learning-Sorbonne-University,3145.0,False,0,,https://api.github.com/repos/phnhub/Projet-Advanced-Machine-Learning-Sorbonne-University/contents/{+path}
85,443603543,NLP-Machine-Translation-Using-Deep-Learning,96385070,user,Ahmed1560/NLP-Machine-Translation-Using-Deep-Learning,2022-01-01 18:53:53,2022-04-12 12:38:51,,Jupyter Notebook,96385070,1,1,0,machine learning,https://github.com/Ahmed1560/NLP-Machine-Translation-Using-Deep-Learning,11897.0,False,0,,https://api.github.com/repos/Ahmed1560/NLP-Machine-Translation-Using-Deep-Learning/contents/{+path}
86,443538132,Data-Science,26023241,user,Harishthiyaga/Data-Science,2022-01-01 12:51:47,2022-01-05 08:56:16,,Jupyter Notebook,26023241,1,0,0,machine learning,https://github.com/Harishthiyaga/Data-Science,,False,0,,https://api.github.com/repos/Harishthiyaga/Data-Science/contents/{+path}
87,443455745,ML-Stanford,77503213,user,niekvanderzwaag/ML-Stanford,2022-01-01 02:07:12,2022-01-08 22:48:00,,Jupyter Notebook,77503213,1,0,0,machine learning,https://github.com/niekvanderzwaag/ML-Stanford,69.0,False,0,,https://api.github.com/repos/niekvanderzwaag/ML-Stanford/contents/{+path}
88,443522248,rwth_Bankruptcy,42298628,user,KLTsai/rwth_Bankruptcy,2022-01-01 11:09:56,2022-01-01 11:46:41,,Jupyter Notebook,42298628,1,0,0,machine learning,https://github.com/KLTsai/rwth_Bankruptcy,,False,0,,https://api.github.com/repos/KLTsai/rwth_Bankruptcy/contents/{+path}
89,443548688,disease-prediction-based-on-symptoms-using-machine-learning,87171068,user,Saiprasad-1727/disease-prediction-based-on-symptoms-using-machine-learning,2022-01-01 13:52:19,2022-01-01 13:56:49,,Python,87171068,1,0,0,machine learning,https://github.com/Saiprasad-1727/disease-prediction-based-on-symptoms-using-machine-learning,61.0,False,0,,https://api.github.com/repos/Saiprasad-1727/disease-prediction-based-on-symptoms-using-machine-learning/contents/{+path}
90,443507765,End-to-end-Machine-Learning-Project--Telecom-churn-customer,87484232,user,sumitupgrad/End-to-end-Machine-Learning-Project--Telecom-churn-customer,2022-01-01 09:26:10,2022-01-01 09:29:16,,Jupyter Notebook,87484232,1,0,0,machine learning,https://github.com/sumitupgrad/End-to-end-Machine-Learning-Project--Telecom-churn-customer,626.0,False,0,,https://api.github.com/repos/sumitupgrad/End-to-end-Machine-Learning-Project--Telecom-churn-customer/contents/{+path}
91,443526168,COMP5138-Machine-learning-and-data-mining-assignment-2,44364177,user,BerniceYeow/COMP5138-Machine-learning-and-data-mining-assignment-2,2022-01-01 11:36:13,2022-01-01 11:38:44,,Jupyter Notebook,44364177,1,0,0,machine learning,https://github.com/BerniceYeow/COMP5138-Machine-learning-and-data-mining-assignment-2,143.0,False,0,,https://api.github.com/repos/BerniceYeow/COMP5138-Machine-learning-and-data-mining-assignment-2/contents/{+path}
92,443484916,Project-Machine-Learning-WorkFlow-with-Amazon-Sagemaker,33787730,user,saminsm/Project-Machine-Learning-WorkFlow-with-Amazon-Sagemaker,2022-01-01 06:32:27,2022-01-06 10:23:23,,Jupyter Notebook,33787730,1,0,0,machine learning,https://github.com/saminsm/Project-Machine-Learning-WorkFlow-with-Amazon-Sagemaker,,False,0,,https://api.github.com/repos/saminsm/Project-Machine-Learning-WorkFlow-with-Amazon-Sagemaker/contents/{+path}
93,443601590,MLDL-assignments,60590540,user,Akondiseetharam/MLDL-assignments,2022-01-01 18:42:03,2022-01-01 18:54:29,,Jupyter Notebook,60590540,1,0,0,machine learning,https://github.com/Akondiseetharam/MLDL-assignments,86.0,False,0,,https://api.github.com/repos/Akondiseetharam/MLDL-assignments/contents/{+path}
94,443515154,woc4.0-ml-sentiment-analysis-krunal_botadara,93851388,user,krunal7221/woc4.0-ml-sentiment-analysis-krunal_botadara,2022-01-01 10:20:59,2022-01-07 12:55:44,,,93851388,1,0,0,machine learning,https://github.com/krunal7221/woc4.0-ml-sentiment-analysis-krunal_botadara,98.0,False,0,,https://api.github.com/repos/krunal7221/woc4.0-ml-sentiment-analysis-krunal_botadara/contents/{+path}
95,443494447,AWS-MLE-Capstone-project,26964022,user,Prafull-parmar/AWS-MLE-Capstone-project,2022-01-01 07:47:02,2022-01-24 18:03:12,,HTML,26964022,1,0,0,machine learning,https://github.com/Prafull-parmar/AWS-MLE-Capstone-project,11473.0,False,0,,https://api.github.com/repos/Prafull-parmar/AWS-MLE-Capstone-project/contents/{+path}
96,443554265,Udacity-ML-Capstone,76100645,user,jianyunang-sg/Udacity-ML-Capstone,2022-01-01 14:23:03,2022-01-06 13:19:01,deep-learning#machine-learning#pytorch,Jupyter Notebook,76100645,1,0,0,machine learning,https://github.com/jianyunang-sg/Udacity-ML-Capstone,7269.0,False,0,,https://api.github.com/repos/jianyunang-sg/Udacity-ML-Capstone/contents/{+path}
97,443557498,woc4.0-ml-sentiment-analysis-Harsh_Sharma,96946574,user,Harsh-1618/woc4.0-ml-sentiment-analysis-Harsh_Sharma,2022-01-01 14:41:11,2022-01-22 12:34:35,,Jupyter Notebook,96946574,1,0,0,machine learning,https://github.com/Harsh-1618/woc4.0-ml-sentiment-analysis-Harsh_Sharma,298.0,False,0,,https://api.github.com/repos/Harsh-1618/woc4.0-ml-sentiment-analysis-Harsh_Sharma/contents/{+path}
98,443595001,CS485-Artificial-Intelligence,61031657,user,arfbacem/CS485-Artificial-Intelligence,2022-01-01 18:03:54,2022-01-01 18:12:46,,Jupyter Notebook,61031657,1,0,0,machine learning,https://github.com/arfbacem/CS485-Artificial-Intelligence,,False,0,,https://api.github.com/repos/arfbacem/CS485-Artificial-Intelligence/contents/{+path}
99,443620269,Kaggle,55096567,user,LilDataScientist/Kaggle,2022-01-01 20:42:23,2022-01-09 18:06:06,ml,Jupyter Notebook,55096567,1,0,0,machine learning,https://github.com/LilDataScientist/Kaggle,16.0,False,0,,https://api.github.com/repos/LilDataScientist/Kaggle/contents/{+path}
100,443545471,workspace-controller,17161397,user,KanchiShimono/workspace-controller,2022-01-01 13:33:54,2022-01-01 13:33:54,,,,0,0,0,machine learning,https://github.com/KanchiShimono/workspace-controller,,False,0,,https://api.github.com/repos/KanchiShimono/workspace-controller/contents/{+path}
101,443610808,ML10601-Q-Learning,49099943,user,antonija-kolobaric/ML10601-Q-Learning,2022-01-01 19:40:09,2022-01-01 19:51:46,,Python,49099943,1,0,0,machine learning,https://github.com/antonija-kolobaric/ML10601-Q-Learning,389.0,False,0,,https://api.github.com/repos/antonija-kolobaric/ML10601-Q-Learning/contents/{+path}
102,443601171,ML-Coursera-Resources,73871931,user,Cameron-Bryant/ML-Coursera-Resources,2022-01-01 18:39:28,2022-01-15 23:29:15,,MATLAB,73871931,1,0,0,machine learning,https://github.com/Cameron-Bryant/ML-Coursera-Resources,,False,0,,https://api.github.com/repos/Cameron-Bryant/ML-Coursera-Resources/contents/{+path}
103,443609757,fraud_detection,96955825,user,Rishabh543/fraud_detection,2022-01-01 19:33:25,2022-01-02 04:38:37,,Python,96955825,1,0,0,machine learning,https://github.com/Rishabh543/fraud_detection,36.0,False,0,,https://api.github.com/repos/Rishabh543/fraud_detection/contents/{+path}
104,443479505,Building-Machine-learning-Model-for-Predicting-Breast-Cancer-Using-Multi-Linear-Regression-Technique,72643825,user,Aashish856/Building-Machine-learning-Model-for-Predicting-Breast-Cancer-Using-Multi-Linear-Regression-Technique,2022-01-01 05:48:49,2022-01-01 05:50:20,,C++,72643825,1,0,0,machine learning,https://github.com/Aashish856/Building-Machine-learning-Model-for-Predicting-Breast-Cancer-Using-Multi-Linear-Regression-Technique,,False,0,,https://api.github.com/repos/Aashish856/Building-Machine-learning-Model-for-Predicting-Breast-Cancer-Using-Multi-Linear-Regression-Technique/contents/{+path}
105,443490030,Flight-Price-Prediction,90974084,user,WinWithAkash/Flight-Price-Prediction,2022-01-01 07:12:14,2022-01-01 08:47:04,,Jupyter Notebook,90974084,1,0,0,machine learning,https://github.com/WinWithAkash/Flight-Price-Prediction,101.0,False,0,,https://api.github.com/repos/WinWithAkash/Flight-Price-Prediction/contents/{+path}
106,443607056,ML,42209156,user,MMariatti/ML,2022-01-01 19:15:54,2022-01-09 16:58:05,,Python,42209156,1,0,0,machine learning,https://github.com/MMariatti/ML,334.0,False,0,,https://api.github.com/repos/MMariatti/ML/contents/{+path}
107,443480818,note,53897482,user,shlmtyu/note,2022-01-01 05:59:56,2022-01-04 02:31:03,,Jupyter Notebook,53897482,1,0,0,machine learning,https://github.com/shlmtyu/note,1041.0,False,0,,https://api.github.com/repos/shlmtyu/note/contents/{+path}
108,443521110,mlreading-hub,42243073,user,zcemycl/mlreading-hub,2022-01-01 11:02:13,2022-01-18 21:50:22,machine-learning#natural-language-processing#recommender-system#computer-vision#probabilistic-machine-learning#reinforcement-learning,Jupyter Notebook,42243073,1,0,2,machine learning,https://github.com/zcemycl/mlreading-hub,5255.0,False,0,,https://api.github.com/repos/zcemycl/mlreading-hub/contents/{+path}
109,443610877,stock-prediction,46052821,user,degiwo/stock-prediction,2022-01-01 19:40:38,2022-01-01 20:24:39,,Python,46052821,1,0,0,machine learning,https://github.com/degiwo/stock-prediction,19.0,False,0,,https://api.github.com/repos/degiwo/stock-prediction/contents/{+path}
110,443594274,Stock-trading-bot,49301263,user,Paradis4432/Stock-trading-bot,2022-01-01 18:00:22,2022-01-02 21:00:39,,,49301263,1,0,0,machine learning,https://github.com/Paradis4432/Stock-trading-bot,71.0,False,0,,https://api.github.com/repos/Paradis4432/Stock-trading-bot/contents/{+path}
111,443472535,ml_projects,75082559,user,pradeepsf729/ml_projects,2022-01-01 04:45:52,2022-01-08 07:14:52,,Python,75082559,1,0,0,machine learning,https://github.com/pradeepsf729/ml_projects,717.0,False,0,,https://api.github.com/repos/pradeepsf729/ml_projects/contents/{+path}
112,443547216,Airline_Delay_Prediction,48682479,user,beubax/Airline_Delay_Prediction,2022-01-01 13:44:14,2022-01-12 15:02:11,,Jupyter Notebook,48682479,1,0,0,machine learning,https://github.com/beubax/Airline_Delay_Prediction,1980.0,False,0,,https://api.github.com/repos/beubax/Airline_Delay_Prediction/contents/{+path}
113,443480250,diabetes-predictioin,83336212,user,suryavamsiq/diabetes-predictioin,2022-01-01 05:54:57,2022-01-01 05:59:52,,Jupyter Notebook,83336212,1,0,0,machine learning,https://github.com/suryavamsiq/diabetes-predictioin,158.0,False,0,,https://api.github.com/repos/suryavamsiq/diabetes-predictioin/contents/{+path}
114,443580938,Plant-Leaf-Disease-Detection,53785636,user,Pankti-Nanavati/Plant-Leaf-Disease-Detection,2022-01-01 16:46:52,2022-01-01 16:50:35,,Jupyter Notebook,53785636,1,0,0,machine learning,https://github.com/Pankti-Nanavati/Plant-Leaf-Disease-Detection,,False,0,,https://api.github.com/repos/Pankti-Nanavati/Plant-Leaf-Disease-Detection/contents/{+path}
115,443562239,OpenCV,44470377,user,prettyquail/OpenCV,2022-01-01 15:06:06,2022-01-03 05:07:27,hands-on#practise#learning-by-doing#opencv-python#openpyxl#python38,Python,44470377,1,0,0,machine learning,https://github.com/prettyquail/OpenCV,223.0,False,0,,https://api.github.com/repos/prettyquail/OpenCV/contents/{+path}
116,443549925,ML-for-MSc-372.2.5214,44137602,user,leorrose/ML-for-MSc-372.2.5214,2022-01-01 13:59:30,2022-02-07 18:28:37,machine-learning#data-science#naive-bayes#ensemble-learning#unsupervised-learning,Jupyter Notebook,44137602,1,0,0,machine learning,https://github.com/leorrose/ML-for-MSc-372.2.5214,788.0,False,0,,https://api.github.com/repos/leorrose/ML-for-MSc-372.2.5214/contents/{+path}
117,443567562,BreastCancerDetection,47717898,user,ruchitagup/BreastCancerDetection,2022-01-01 15:34:58,2022-01-01 15:51:17,,Jupyter Notebook,47717898,1,0,0,machine learning,https://github.com/ruchitagup/BreastCancerDetection,1299.0,False,0,,https://api.github.com/repos/ruchitagup/BreastCancerDetection/contents/{+path}
118,443627993,Unsupervised_Spice_Girls,73122276,user,Jokasan/Unsupervised_Spice_Girls,2022-01-01 21:33:55,2022-01-01 21:36:30,unsupervised-machine-learning#pca#clustering#kmeans-clustering,HTML,73122276,1,0,0,machine learning,https://github.com/Jokasan/Unsupervised_Spice_Girls,,False,0,,https://api.github.com/repos/Jokasan/Unsupervised_Spice_Girls/contents/{+path}
119,443471994,PySpark,58091991,user,NourEldin-Osama/PySpark,2022-01-01 04:40:50,2022-01-01 04:43:39,,Jupyter Notebook,58091991,1,0,0,machine learning,https://github.com/NourEldin-Osama/PySpark,81.0,False,0,,https://api.github.com/repos/NourEldin-Osama/PySpark/contents/{+path}
120,443538246,leandropecanhascardua.github.io,29163803,user,leandropecanhascardua/leandropecanhascardua.github.io,2022-01-01 12:52:33,2022-01-30 03:46:54,,HTML,29163803,1,0,0,machine learning,https://github.com/leandropecanhascardua/leandropecanhascardua.github.io,,False,0,,https://api.github.com/repos/leandropecanhascardua/leandropecanhascardua.github.io/contents/{+path}
121,443579636,Handwritten-Character-Recognitioin,67674585,user,Tirth132108/Handwritten-Character-Recognitioin,2022-01-01 16:39:48,2022-01-10 17:31:44,,Jupyter Notebook,67674585,1,0,0,machine learning,https://github.com/Tirth132108/Handwritten-Character-Recognitioin,806.0,False,0,,https://api.github.com/repos/Tirth132108/Handwritten-Character-Recognitioin/contents/{+path}
122,443585731,DevOps_Microservices_project_submit,22001965,user,rajkumar1498/DevOps_Microservices_project_submit,2022-01-01 17:12:42,2022-01-13 16:23:51,,Python,22001965,1,0,0,machine learning,https://github.com/rajkumar1498/DevOps_Microservices_project_submit,128.0,False,0,,https://api.github.com/repos/rajkumar1498/DevOps_Microservices_project_submit/contents/{+path}
123,443626478,me-539,19850807,user,alexshank/me-539,2022-01-01 21:23:38,2022-01-03 17:06:48,,Jupyter Notebook,19850807,1,0,0,machine learning,https://github.com/alexshank/me-539,28690.0,False,0,,https://api.github.com/repos/alexshank/me-539/contents/{+path}
124,443621102,GWU_ML,5297912,user,jphall663/GWU_ML,2022-01-01 20:48:04,2022-01-10 16:25:43,,Jupyter Notebook,5297912,1,0,1,machine learning,https://github.com/jphall663/GWU_ML,17912.0,False,0,,https://api.github.com/repos/jphall663/GWU_ML/contents/{+path}
125,443606933,Heart-Disease-prediction,67995360,user,amtulifra/Heart-Disease-prediction,2022-01-01 19:15:04,2022-01-01 19:44:06,,Jupyter Notebook,67995360,1,0,0,machine learning,https://github.com/amtulifra/Heart-Disease-prediction,2661.0,False,0,,https://api.github.com/repos/amtulifra/Heart-Disease-prediction/contents/{+path}
126,443623353,US_Electricity_ML_Modeling,74572907,user,arashshams/US_Electricity_ML_Modeling,2022-01-01 21:02:38,2022-01-02 20:30:36,machine-learning#electricity#feature-engineering#linear-regression#prediction-model,Jupyter Notebook,74572907,1,0,0,machine learning,https://github.com/arashshams/US_Electricity_ML_Modeling,793.0,False,0,,https://api.github.com/repos/arashshams/US_Electricity_ML_Modeling/contents/{+path}
127,443626724,end-to-end-heart-classification,96908502,user,Mabbas4/end-to-end-heart-classification,2022-01-01 21:25:14,2022-01-01 21:25:18,,,96908502,1,0,0,machine learning,https://github.com/Mabbas4/end-to-end-heart-classification,282.0,False,0,,https://api.github.com/repos/Mabbas4/end-to-end-heart-classification/contents/{+path}
128,443599037,CarPredoPedia_MinorProject_MLModels,47414674,user,PRUBHTEJ/CarPredoPedia_MinorProject_MLModels,2022-01-01 18:26:51,2022-01-01 18:29:24,,Jupyter Notebook,47414674,1,0,0,machine learning,https://github.com/PRUBHTEJ/CarPredoPedia_MinorProject_MLModels,743.0,False,0,,https://api.github.com/repos/PRUBHTEJ/CarPredoPedia_MinorProject_MLModels/contents/{+path}
129,443460916,tensorflow_dataset_intro,20900791,user,Virajdatt/tensorflow_dataset_intro,2022-01-01 02:58:03,2022-01-10 01:37:23,tensorflow-tutorials#tensorflow-examples#datapipeline,Jupyter Notebook,20900791,1,0,0,machine learning,https://github.com/Virajdatt/tensorflow_dataset_intro,195.0,False,0,,https://api.github.com/repos/Virajdatt/tensorflow_dataset_intro/contents/{+path}
130,443449184,Data-Pipeline-Azure-Spark-Databricks,89673167,user,charleside2001/Data-Pipeline-Azure-Spark-Databricks,2022-01-01 00:59:33,2022-01-08 04:30:57,,,89673167,1,0,0,machine learning,https://github.com/charleside2001/Data-Pipeline-Azure-Spark-Databricks,302.0,False,0,,https://api.github.com/repos/charleside2001/Data-Pipeline-Azure-Spark-Databricks/contents/{+path}
131,443604366,Titanic-Dataset-Kaggle-Competition-Submission,42521637,user,tomritmanmeer/Titanic-Dataset-Kaggle-Competition-Submission,2022-01-01 18:58:53,2022-01-24 15:12:02,,Jupyter Notebook,42521637,1,0,0,machine learning,https://github.com/tomritmanmeer/Titanic-Dataset-Kaggle-Competition-Submission,702.0,False,0,,https://api.github.com/repos/tomritmanmeer/Titanic-Dataset-Kaggle-Competition-Submission/contents/{+path}
132,443607176,neuefische_Capstone,87485412,user,IronMan2483/neuefische_Capstone,2022-01-01 19:16:41,2022-03-06 20:59:15,python#data-science#matplotlib#seaborn#time-series#price#price-prediction#sarima#prophet#eda#data#data-mining#scikit-learn#data-visualization#data-analysis#pandas#numpy,Jupyter Notebook,87485412,1,0,0,machine learning,https://github.com/IronMan2483/neuefische_Capstone,2411.0,False,0,,https://api.github.com/repos/IronMan2483/neuefische_Capstone/contents/{+path}
133,443622110,QUQU-depression,82527139,organization,RC2S2/QUQU-depression,2022-01-01 20:54:29,2022-01-01 21:22:27,,HTML,11930289,1,0,0,machine learning,https://github.com/RC2S2/QUQU-depression,165.0,False,0,,https://api.github.com/repos/RC2S2/QUQU-depression/contents/{+path}
134,443502391,Data-science-with-R-and-google-colab-python-,96844276,user,leon-sihlongonyane/Data-science-with-R-and-google-colab-python-,2022-01-01 08:47:13,2022-02-03 06:22:53,,Jupyter Notebook,96844276,1,0,0,machine learning,https://github.com/leon-sihlongonyane/Data-science-with-R-and-google-colab-python-,88.0,False,0,,https://api.github.com/repos/leon-sihlongonyane/Data-science-with-R-and-google-colab-python-/contents/{+path}
135,443581528,Disaster-Response-Pipeline,70536290,user,HayaAlmutairi/Disaster-Response-Pipeline,2022-01-01 16:49:53,2022-01-06 22:06:23,,Jupyter Notebook,70536290,1,0,0,machine learning,https://github.com/HayaAlmutairi/Disaster-Response-Pipeline,2362.0,False,0,,https://api.github.com/repos/HayaAlmutairi/Disaster-Response-Pipeline/contents/{+path}
136,443640433,mw-match-predictor,17757330,user,ryanpapetti/mw-match-predictor,2022-01-01 23:03:44,2022-01-09 23:02:06,,Python,17757330,1,0,0,machine learning,https://github.com/ryanpapetti/mw-match-predictor,163.0,False,0,,https://api.github.com/repos/ryanpapetti/mw-match-predictor/contents/{+path}
137,443620529,ML-Class-capstone-project,54525175,user,carlos-carlos/ML-Class-capstone-project,2022-01-01 20:43:59,2022-02-14 21:16:11,,Jupyter Notebook,54525175,1,0,0,machine learning,https://github.com/carlos-carlos/ML-Class-capstone-project,15219.0,False,3,,https://api.github.com/repos/carlos-carlos/ML-Class-capstone-project/contents/{+path}
138,443571014,teslacarsales,88003092,user,mle12/teslacarsales,2022-01-01 15:53:14,2022-01-01 18:39:10,pandas#numpy#matplotlib#seaborn#random-forest#python,Jupyter Notebook,88003092,1,0,0,machine learning,https://github.com/mle12/teslacarsales,804.0,False,1,,https://api.github.com/repos/mle12/teslacarsales/contents/{+path}
139,443526299,House-Price-Detection,60997904,user,TanzinAhammad/House-Price-Detection,2022-01-01 11:37:10,2022-02-05 18:13:54,,Jupyter Notebook,60997904,1,0,0,machine learning,https://github.com/TanzinAhammad/House-Price-Detection,197.0,False,0,,https://api.github.com/repos/TanzinAhammad/House-Price-Detection/contents/{+path}
140,443614589,credit-risk-assessment,18426149,user,nawalvalliani/credit-risk-assessment,2022-01-01 20:04:35,2022-01-01 20:04:39,,,18426149,1,0,0,machine learning,https://github.com/nawalvalliani/credit-risk-assessment,205.0,False,0,,https://api.github.com/repos/nawalvalliani/credit-risk-assessment/contents/{+path}
141,443585389,House-Price-Predictor,87256957,user,Jawwad-khan-code/House-Price-Predictor,2022-01-01 17:10:30,2022-01-01 17:14:25,,Jupyter Notebook,87256957,1,0,0,machine learning,https://github.com/Jawwad-khan-code/House-Price-Predictor,372.0,False,0,,https://api.github.com/repos/Jawwad-khan-code/House-Price-Predictor/contents/{+path}
142,443491198,data-mining,35303895,user,williamfoote/data-mining,2022-01-01 07:21:09,2022-01-01 07:22:25,,,35303895,1,0,0,machine learning,https://github.com/williamfoote/data-mining,,False,0,,https://api.github.com/repos/williamfoote/data-mining/contents/{+path}
143,443501674,House-_prices_regression,95433685,user,MehulVaidya634/House-_prices_regression,2022-01-01 08:41:43,2022-01-02 14:25:55,,Jupyter Notebook,95433685,1,0,0,machine learning,https://github.com/MehulVaidya634/House-_prices_regression,2059.0,False,0,,https://api.github.com/repos/MehulVaidya634/House-_prices_regression/contents/{+path}
144,443582770,Covid-19-Probability_Predictor,87256957,user,Jawwad-khan-code/Covid-19-Probability_Predictor,2022-01-01 16:56:15,2022-01-01 17:00:13,,Jupyter Notebook,87256957,1,0,0,machine learning,https://github.com/Jawwad-khan-code/Covid-19-Probability_Predictor,323.0,False,0,,https://api.github.com/repos/Jawwad-khan-code/Covid-19-Probability_Predictor/contents/{+path}
145,443624842,Heroku_Deployment_Practice,96501933,user,tusharpatil87/Heroku_Deployment_Practice,2022-01-01 21:12:36,2022-01-01 21:37:57,,HTML,96501933,1,0,0,machine learning,https://github.com/tusharpatil87/Heroku_Deployment_Practice,2640.0,False,0,,https://api.github.com/repos/tusharpatil87/Heroku_Deployment_Practice/contents/{+path}
146,443590140,Hybrid-Technique-for-Stock-Market-Forecasting,96385070,user,Ahmed1560/Hybrid-Technique-for-Stock-Market-Forecasting,2022-01-01 17:37:08,2022-01-01 17:48:32,,Jupyter Notebook,96385070,1,0,0,machine learning,https://github.com/Ahmed1560/Hybrid-Technique-for-Stock-Market-Forecasting,1495.0,False,0,,https://api.github.com/repos/Ahmed1560/Hybrid-Technique-for-Stock-Market-Forecasting/contents/{+path}
total_index,repo_id,repo_name,owner_id,owner_type,full_name,create_date,update_date,topics,language,contributors,contributor_counts,stargazer_counts,forker_counts,keyword,readme_url,read_length,is_it_forked_repo,open_issues,original_repo,contents
total_index,repo_id,repo_name,owner_id,owner_type,full_name,create_date,update_date,topics,language,contributors,contributor_counts,stargazer_counts,forker_counts,keyword,readme_url,read_length,is_it_forked_repo,open_issues,original_repo,contents
0,443633773,Artificial-intelligence,96850945,user,BlueHackHat/Artificial-intelligence,2022-01-01 22:14:55,2022-01-01 22:24:50,,Python,96850945,1,0,0,artificial-intelligence,https://github.com/BlueHackHat/Artificial-intelligence,144.0,False,0,,https://api.github.com/repos/BlueHackHat/Artificial-intelligence/contents/{+path}
1,443483329,artificial,96477177,user,githubmathushiva/artificial,2022-01-01 06:20:02,2022-01-01 06:25:03,,Java,67744#1045063#49108#2737102#9523#19728#237462#209336#23651#138698#65614#541536#1395659#3578921#1327662#573017#689138#1005544#592708#54155#9469110#2319838#36284#125281#214207#17732072#1191797#2684685#12100822#21371686#47606527#64264#22860528#39495#91742#42484#463156#513280#4235110#49699333#20991322#70071#1142788#4953590#6214865#1537384#7242568#30008376#914682#514737#132158#510223#99954#1280725#4712580#283980#964823#1214075#633348#48998317#3650136#6781002#20114#13838924#142304#99342#2130186#254697#4367212#6185911#909773#540893#815787#191450#10269942#1561982#1595156#1510709#53355975#8988563#4151857#53957498#4160180#13249663#174978#11896137#7979468#3192167#9541175#1249546#2049860#976007#10616227#30938#1269520#711349#277561#6705942#5114450#13357965#5429258#3100576#4106907#145925#72922431#4551914#4006686#4089452#51184065#5196352#241394#6946919#1059119#150992,114,0,0,artificial-intelligence,https://github.com/githubmathushiva/artificial,5022.0,False,2,,https://api.github.com/repos/githubmathushiva/artificial/contents/{+path}
2,443607728,Artificial-Intelligence-Machiene-Learning,67320006,user,AahanaGambhir/Artificial-Intelligence-Machiene-Learning,2022-01-01 19:20:08,2022-01-02 07:18:19,,HTML,67320006,1,0,0,artificial-intelligence,https://github.com/AahanaGambhir/Artificial-Intelligence-Machiene-Learning,44.0,False,0,,https://api.github.com/repos/AahanaGambhir/Artificial-Intelligence-Machiene-Learning/contents/{+path}
3,443486893,Artificial-Intelligence-ai,84713281,user,SUsify/Artificial-Intelligence-ai,2022-01-01 06:48:05,2022-01-07 12:47:41,,HTML,84713281,1,0,0,artificial-intelligence,https://github.com/SUsify/Artificial-Intelligence-ai,,False,0,,https://api.github.com/repos/SUsify/Artificial-Intelligence-ai/contents/{+path}
4,443595001,CS485-Artificial-Intelligence,61031657,user,arfbacem/CS485-Artificial-Intelligence,2022-01-01 18:03:54,2022-01-01 18:12:46,,Jupyter Notebook,61031657,1,0,0,artificial-intelligence,https://github.com/arfbacem/CS485-Artificial-Intelligence,,False,0,,https://api.github.com/repos/arfbacem/CS485-Artificial-Intelligence/contents/{+path}
5,443544411,COMP450-Artificial-Intelligence-Course,47792257,user,ardaozdemir/COMP450-Artificial-Intelligence-Course,2022-01-01 13:27:54,2022-01-19 21:30:36,,Jupyter Notebook,47792257,1,0,0,artificial-intelligence,https://github.com/ardaozdemir/COMP450-Artificial-Intelligence-Course,229.0,False,0,,https://api.github.com/repos/ardaozdemir/COMP450-Artificial-Intelligence-Course/contents/{+path}
6,443560732,google_stock_price_prediction_using_RNN,89132160,user,Mirza-Samad-Ahmed-Baig/google_stock_price_prediction_using_RNN,2022-01-01 14:58:31,2022-01-01 15:06:31,,Jupyter Notebook,89132160,1,0,0,artificial-intelligence,https://github.com/Mirza-Samad-Ahmed-Baig/google_stock_price_prediction_using_RNN,301.0,False,0,,https://api.github.com/repos/Mirza-Samad-Ahmed-Baig/google_stock_price_prediction_using_RNN/contents/{+path}
7,443565097,Papaya-Classification,33780311,user,BlackCerulean/Papaya-Classification,2022-01-01 15:21:38,2022-01-02 08:43:13,,Jupyter Notebook,33780311,1,0,0,artificial-intelligence,https://github.com/BlackCerulean/Papaya-Classification,455.0,False,0,,https://api.github.com/repos/BlackCerulean/Papaya-Classification/contents/{+path}
8,443633218,dog,5390878,user,suolenkainen/dog,2022-01-01 22:10:36,2022-01-08 16:22:06,,Python,5390878,1,0,0,artificial-intelligence,https://github.com/suolenkainen/dog,81.0,False,0,,https://api.github.com/repos/suolenkainen/dog/contents/{+path}
9,443630208,BetterThanQuickDraw,36338282,user,Yousef0M/BetterThanQuickDraw,2022-01-01 21:50:03,2022-04-07 16:39:58,tensorflow#machine-learning#artificial-intelligence#deep-learning#neural-network#drawing#draw#prediction,JavaScript,36338282,1,0,0,artificial-intelligence,https://github.com/Yousef0M/BetterThanQuickDraw,904.0,False,0,,https://api.github.com/repos/Yousef0M/BetterThanQuickDraw/contents/{+path}
10,443635773,ValsSnakeAI,40548251,user,hamletmillqvist/ValsSnakeAI,2022-01-01 22:29:59,2022-01-04 08:46:41,artificial-intelligence#game-ai,C++,40548251,1,0,0,artificial-intelligence,https://github.com/hamletmillqvist/ValsSnakeAI,13.0,False,0,,https://api.github.com/repos/hamletmillqvist/ValsSnakeAI/contents/{+path}
11,443545183,Sentiment-Analysis,82231238,user,KavehKadkhoda/Sentiment-Analysis,2022-01-01 13:32:08,2022-01-30 08:01:58,natural-language-processing#sentiment-analysis#machine-learning#twitter#visualization#artificial-intelligence,Jupyter Notebook,82231238,1,0,0,artificial-intelligence,https://github.com/KavehKadkhoda/Sentiment-Analysis,269.0,False,0,,https://api.github.com/repos/KavehKadkhoda/Sentiment-Analysis/contents/{+path}
